CNPA,NOMBRE DEL PRODUCTO,MERCADO,Prom. del mar 22 al lun 28,Prom. del mar 29 al lun 5,Var. (%),set lun-28,set mar-29,set mié-30,oct jue-1,oct vie-2,oct sáb-3,oct dom-4,oct lun-5,Var % Hoy/ayer
011,CEREALES,,,,,,,,,,,,,
01122,MAIZ MARLO/CORONTA DE MAIZ,GMML,19.29,19.21,-0.4%,19.75,19.50,19.00,19.25,19.00,19.25,19.25,19.25,0.0%
01122,MAIZ MORADO,GMML,4.17,4.19,0.4%,4.20,4.38,4.43,4.40,4.38,3.90,3.90,3.93,0.8%
012,HORTALIZAS,,,,,,,,,,,,,
0121,Hortalizas de hoja o de tallo,,,,,,,,,,,,,
01211,ESPARRAGO FRESCO,GMML,7.10,7.04,-0.8%,6.76,7.00,7.26,6.76,7.00,7.26,7.26,6.76,-6.9%
01219,ACELGA (CRIOLLA/SERRANA),GMML,4.43,3.81,-14.0%,4.50,4.38,3.75,3.38,3.83,3.75,3.75,3.83,2.1%
01214,LECHUGA AMERICANA (CRIOLLA/SERRANA),GMML,1.36,1.27,-6.6%,1.46,1.33,1.21,1.17,1.13,1.29,1.29,1.46,13.2%
01214,LECHUGA CRIOLLA SEDA,GMML,5.61,5.02,-10.4%,5.67,5.25,5.08,5.00,4.92,4.92,4.92,5.08,3.3%
01214,LECHUGA ROMANA HIDROPONICA /B/R/O,GMML,2.10,1.62,-22.8%,2.00,1.83,1.67,1.54,1.54,1.58,1.58,1.58,0.0%
01213,BROCOLI,GMML,4.32,3.86,-10.7%,4.38,4.38,3.50,3.38,4.00,3.88,3.88,4.00,3.1%
01212,COL CHINA/LONGAPA,GMML,7.01,7.04,0.4%,6.98,7.19,6.25,7.08,6.25,7.50,7.50,7.50,0.0%
01212,COL CORAZON (CRIOLLA/SERRANA),GMML,1.02,1.01,-1.1%,0.96,0.96,1.00,0.96,1.04,1.04,1.04,1.04,0.0%
01213,COLIFLOR (CRIOLLA/SERRANA),GMML,1.24,1.15,-7.1%,1.25,1.25,1.07,1.04,1.14,1.18,1.18,1.18,0.0%
01215,ESPINACA (CRIOLLA/SERRANA),GMML,1.49,1.75,17.3%,1.58,1.58,1.70,1.83,1.83,1.80,1.80,1.73,-3.9%
01219,PEREJIL (CRIOLLO/SERRANO),GMML,2.45,2.43,-0.7%,2.20,2.33,2.73,2.75,2.30,2.30,2.30,2.33,1.3%
01212,PACCHOY,GMML,5.99,4.71,-21.4%,5.63,5.63,5.21,5.00,4.38,4.17,4.17,4.38,5.0%
01216,ALCACHOFA SERRANA/VALLE/QUEBRADA/HELADA,GMML,5.43,5.66,4.2%,5.56,5.56,5.50,5.56,5.63,5.75,5.75,5.88,2.3%
01212,HOLANTAU/HORGANICA,GMML,10.36,11.18,7.9%,10.25,10.75,11.25,11.25,11.25,11.25,11.25,11.25,0.0%
0122,Melones,,,,,,,,,,,,,
01221,SANDIA VAR.,MMF2,1.14,1.16,1.9%,1.15,1.18,1.18,1.18,1.15,1.15,1.15,1.15,0.0%
01229,MELON COQUITO,MMF2,1.96,1.81,-7.9%,1.83,1.79,1.85,1.85,1.79,1.77,1.77,1.83,3.4%
0123,Hortalizas de fruto,,,,,,,,,,,,,
01231,AJI AMARILLO SECO,GMML,14.54,14.73,1.3%,14.50,14.63,14.75,14.75,14.75,14.75,14.75,14.75,0.0%
01231,AJI ESCABECHE FRESCO/ZANAHOR/LISO,GMML,4.83,5.32,10.1%,4.88,5.33,5.70,5.18,5.13,5.25,5.25,5.38,2.5%
01231,AJI MONTAÑA/CHANCHAMAYO(COSTA/SELVA),GMML,7.43,4.64,-37.5%,7.50,7.50,5.50,5.50,3.75,3.38,3.38,3.50,3.6%
01231,AJI ROCOTO (COSTA/SIERRA/SELVA),GMML,4.80,4.53,-5.7%,4.86,4.86,4.72,4.86,4.31,4.31,4.31,4.31,0.0%
01231,PIMIENTO MORRON/INJE/PAPR/LAR/PAL/SED/PI,GMML,5.88,5.75,-2.1%,5.83,5.83,5.83,6.25,6.39,5.28,5.28,5.42,2.7%
01232,PEPINILLO,GMML,2.12,1.91,-9.8%,2.08,2.21,2.21,2.21,1.75,1.67,1.67,1.67,0.0%
01233,BERENJENA (CRIOLLA/SERRANA),GMML,6.16,6.93,12.5%,6.30,6.50,7.40,7.10,5.60,7.40,7.40,7.10,-4.1%
01234,TOMATE KATIA,GMML,4.09,3.95,-3.3%,3.98,4.17,4.26,4.54,4.54,3.38,3.38,3.38,0.0%
01235,ZAPALLO ITALIANO,GMML,1.63,1.50,-7.6%,1.50,1.50,1.54,1.48,1.54,1.50,1.50,1.46,-2.7%
01235,ZAPALLO LOCHE,GMML,9.19,10.45,13.8%,9.50,9.50,9.67,9.67,11.17,11.00,11.00,11.17,1.5%
01235,ZAPALLO MACRE(COSTA/SIERRA/SELVA),GMML,1.85,1.89,2.0%,1.88,1.98,1.98,1.88,1.88,1.83,1.83,1.83,0.0%
01239,CAIGUA (SELVA),GMML,5.16,5.40,4.7%,5.10,5.00,5.21,5.27,5.63,5.58,5.58,5.56,-0.4%
0124,Hortalizas leguminosas verdes,,,,,,,,,,,,,
01241,FREJOLITO CHINO,GMML,2.50,2.50,0.0%,2.50,2.50,2.50,2.50,2.50,2.50,2.50,2.50,0.0%
01241,FRIJOL VERDE CANARIO,GMML,4.22,5.23,23.9%,4.30,4.58,4.75,5.18,5.13,5.53,5.53,5.88,6.3%
01241,PALLAR VERDE SERRUCHO,GMML,3.40,4.13,21.5%,3.50,3.48,4.00,4.25,4.25,4.33,4.33,4.25,-1.8%
01241,VAINITA AMERICANA/SEDA/PITO/CORRIENT/MAD,GMML,2.37,2.79,18.0%,2.13,2.33,2.28,2.38,2.43,2.88,2.88,4.38,52.1%
01242,ARVEJA VERDE AMERICANA/(CRIOLLA/SERRANA),GMML,6.11,6.86,12.2%,6.08,6.50,6.70,6.88,6.83,6.88,6.88,7.33,6.5%
01242,ARVEJA VERDE BLANCA SERRANA,GMML,5.68,6.13,7.9%,5.65,5.83,5.83,6.25,6.25,6.25,6.25,6.25,0.0%
01243,HABA VERDE SERRANA,GMML,1.27,1.16,-9.2%,1.18,1.08,1.05,1.08,1.03,1.25,1.25,1.35,8.0%
0125,"Hortalizas de raíz, bulbosas o tuberosas",,,,,,,,,,,,,
01251,NABO (CRIOLLO/SERRANO),GMML,2.50,2.45,-2.2%,2.63,2.63,2.50,2.63,2.50,2.25,2.25,2.38,5.8%
01251,ZANAHORIA,GMML,1.31,1.66,26.4%,1.23,1.35,1.46,1.58,1.50,1.62,1.62,2.50,54.3%
01252,AJO CRIOLLO O NAPURI,GMML,4.45,3.67,-17.4%,4.63,4.20,4.00,3.63,3.50,3.38,3.38,3.63,7.4%
01252,AJO MORADO/BARRAN/LEGIT/ARICOTA/OTROS,GMML,6.33,5.10,-19.4%,6.40,6.00,5.50,5.00,4.95,4.75,4.75,4.75,0.0%
01253,CEBOLLA CABEZA BLANCA NACIONAL,GMML,1.78,2.05,15.3%,1.78,1.83,1.88,1.95,2.13,2.18,2.18,2.20,0.9%
01253,CEBOLLA CABEZA ROJA,GMML,1.53,1.88,23.1%,1.63,1.65,1.70,1.83,1.93,2.00,2.00,2.05,2.5%
01253,CEBOLLA CHINA (CRIOLLA/SERRANA),GMML,3.48,3.91,12.3%,3.50,3.63,4.50,4.75,3.75,3.63,3.63,3.50,-3.6%
01254,PORO (CRIOLLO/SERRANO),GMML,3.78,3.61,-4.6%,3.65,3.90,3.56,3.56,3.56,3.56,3.56,3.56,0.0%
01259,BETERRAGA (CRIOLLA/SERRANA),GMML,2.33,2.36,1.2%,2.33,2.33,2.33,2.47,2.44,2.31,2.31,2.33,0.9%
01259,RABANITO (CRIOLLO/SERRANO),GMML,4.65,4.65,0.0%,4.51,4.84,4.51,4.51,4.51,4.84,4.84,4.51,-6.8%
0129,"Hortalizas frescas, n.c.p.",,,,,,,,,,,,,
01290,CHOCLO TIPO CUSCO,GMML,5.15,6.14,19.4%,5.18,5.36,5.42,5.60,5.60,6.73,6.73,7.56,12.3%
01290,APIO CRIOLLO/SERRANO,GMML,6.48,5.53,-14.7%,6.67,6.67,6.00,5.92,4.92,5.00,5.00,5.17,3.4%
013,FRUTAS Y NUECES,,,,,,,,,,,,,
0131,Frutas tropicales y subtropicales,,,,,,,,,,,,,
01311,PALTA FUERTE COSTA,MMF2,6.34,6.70,5.6%,6.53,6.55,6.55,6.75,6.75,6.75,6.75,6.78,0.4%
01311,PALTA HALL (SELVA),MMF2,2.69,2.72,1.2%,2.71,2.73,2.71,2.71,2.71,2.73,2.73,2.75,0.7%
01311,PALTA LINDA (COSTA/SELVA),MMF2,3.50,3.63,3.7%,3.56,3.63,3.65,3.65,3.63,3.63,3.63,3.60,-0.8%
01312,PLATANO BIZCOCHO (SELVA),MMF2,1.36,1.35,-0.2%,1.38,1.42,1.36,1.36,1.33,1.32,1.32,1.36,3.0%
01312,PLATANO MANZANO (SELVA),MMF2,1.65,1.61,-2.9%,1.66,1.61,1.64,1.61,1.61,1.59,1.59,1.59,0.0%
01312,PLATANO MORADO (SELVA),MMF2,3.13,3.10,-1.0%,3.04,3.04,3.06,3.06,3.13,3.13,3.13,3.13,0.0%
01312,PLATANO SEDA (SELVA),MMF2,1.95,2.00,2.3%,1.94,1.94,2.00,2.02,2.00,1.99,2.00,2.02,1.0%
01312,PLATANO SEDA CONGO,MMF2,2.62,2.60,-0.7%,2.61,2.61,2.60,2.60,2.58,2.59,2.59,2.61,0.8%
01313,PLATANO BELLACO (SELVA),MMF2,2.37,2.37,0.1%,2.39,2.39,2.38,2.36,2.37,2.37,2.37,2.36,-0.4%
01313,PLATANO ISLA (SELVA),MMF2,2.52,2.68,6.3%,2.60,2.64,2.65,2.67,2.70,2.70,2.70,2.70,0.0%
01313,PLATANO PALILLO/SELVA,MMF2,2.48,2.48,-0.1%,2.47,2.45,2.50,2.52,2.48,2.46,2.45,2.50,2.0%
01315,HIGO MADURO O BREVAS,MMF2,7.00,6.72,-3.9%,6.93,6.93,6.79,6.79,6.64,6.64,6.64,6.64,0.0%
01316,MANGO EDWARD PLANTA,MMF2,3.81,3.51,-7.7%,3.75,3.65,3.63,3.55,3.50,3.45,3.45,3.35,-2.9%
01316,MANGO HADEN /HAYDE (PLANTA),MMF2,3.71,3.51,-5.4%,3.65,3.55,3.55,3.55,3.48,3.48,3.53,3.45,-2.3%
01316,MANGO KAFRO / JAFRO (COSTA),MMF2,3.99,3.75,-6.0%,3.85,3.75,3.73,3.78,3.75,3.78,3.73,3.70,-0.8%
01316,MANGO KENT (COSTA),MMF2,4.74,4.32,-8.8%,4.58,4.45,4.35,4.30,4.30,4.28,4.28,4.28,0.0%
01317,PAPAYA SELVA,MMF2,1.77,1.59,-10.4%,1.81,1.77,1.67,1.58,1.54,1.54,1.54,1.46,-5.2%
01318,PIÑA CRIOLLA DE SELVA,MMF2,1.67,1.57,-6.2%,1.60,1.63,1.63,1.56,1.54,1.54,1.54,1.54,0.0%
01318,PIÑA GOLDEN,MMF2,2.40,2.16,-9.8%,2.38,2.35,2.30,2.17,2.13,2.08,2.08,2.02,-2.9%
01318,PIÑA HAWAIANA,MMF2,2.28,2.08,-8.7%,2.15,2.13,2.13,2.13,2.05,2.03,2.03,2.05,1.0%
01319,CAMU CAMU,MMF2,5.40,5.25,-2.7%,5.23,5.08,5.20,5.33,5.20,5.28,5.28,5.38,1.9%
01319,CARAMBOLA (SELVA/COSTA),MMF2,1.96,1.99,1.5%,1.98,2.00,1.98,1.95,2.00,2.00,2.00,1.98,-1.0%
01319,CHIRIMOYA CRIOLLA O HUAYCO,MMF2,4.83,4.99,3.3%,4.93,4.93,5.00,5.00,5.05,4.98,5.00,5.00,0.0%
01319,CHIRIMOYA CUMBE,MMF2,5.23,5.41,3.5%,5.33,5.38,5.40,5.43,5.53,5.45,5.45,5.25,-3.7%
01319,COCONA (SELVA),MMF2,2.38,2.48,4.1%,2.52,2.50,2.57,2.50,2.43,2.43,2.43,2.48,2.1%
01319,GRANADILLA COSTA (NORTE),MMF2,2.74,2.72,-0.6%,2.69,2.69,2.69,2.72,2.78,2.72,2.78,2.69,-3.2%
01319,GRANADILLA SELVA,MMF2,3.79,3.79,0.0%,3.88,3.90,3.83,3.85,3.79,3.73,3.73,3.67,-1.6%
01319,GUANABANA DE LA SELVA,MMF2,6.79,6.80,0.1%,6.85,6.85,6.83,6.83,6.83,6.68,6.73,6.83,1.5%
01319,MARACUYA COSTA,MMF2,,4.52,-14.1,5.20,5.20,5.20,4.83,4.20,4.13,4.28,3.83,-10.5
01319,MARACUYA COSTA,GMML,,4.32,-9.7,4.85,5.38,5.38,4.33,4.30,3.75,3.75,3.38,-9.9
01319,PEPINO RAYADO O MELON,MMF2,,3.21,-1.7,3.28,3.28,3.23,3.23,3.15,3.18,3.18,3.23,1.6
0132,Frutas cítricas,,,,,,,,,,,,,
01321,TORONJA COSTA CON PEPA,MMF2,,3.65,3.2,3.55,3.58,3.58,3.65,3.65,3.63,3.63,3.83,5.5
01321,TORONJA SELVA CON PEPA,MMF2,,2.93,1.3,2.98,2.98,2.96,2.96,2.94,2.88,2.88,2.94,2.1
01322,LIMA DULCE (COSTA),MMF2,,4.38,7.0,4.18,4.15,4.45,4.38,4.38,4.45,4.45,4.43,-0.4
01322,LIMON DULCE - SELVA,MMF2,,1.93,0.1,1.91,1.93,1.94,1.94,1.93,1.93,1.93,1.94,0.5
01322,LIMON SUTIL BOLSA,GMML,,1.42,-15.2,1.72,1.61,1.61,1.50,1.44,1.25,1.25,1.28,2.4
01322,LIMON SUTIL CAJON,GMML,,1.79,-9.1,2.07,1.96,1.96,1.90,1.85,1.63,1.63,1.63,0.0
01323,NARANJA PRIMAVERA (COSTA),MMF2,,2.84,6.0,2.75,2.83,2.83,2.85,2.85,2.85,2.85,2.85,0.0
01323,NARANJA TANGELO SELVA,MMF2,,2.66,3.3,2.63,2.63,2.67,2.67,2.67,2.66,2.66,2.66,0.0
01323,NARANJA VALENCIA,MMF2,,0.93,0.6,0.93,0.92,0.94,0.95,0.94,0.92,0.92,0.93,1.1
01323,NARANJA WASHINGTON NAVAL(COSTA),MMF2,,3.80,1.3,3.75,3.83,3.88,3.95,3.75,3.73,3.73,3.75,0.5
01324,MANDARINA SATSUMA (COSTA),MMF2,,2.86,0.2,2.85,2.85,2.85,2.88,2.88,2.85,2.85,2.85,0.0
01324,MANDARINA TANGERINA,MMF2,,1.04,0.8,1.02,1.03,1.03,1.05,1.08,1.03,1.03,1.03,0.0
0133,Uvas,,,,,,,,,,,,,
01330,UVA ALFONSO LAVALETT (NEGRA),MMF2,,3.19,-4.2,3.28,3.28,3.28,3.15,3.15,3.15,3.15,3.20,1.6
01330,UVA BORGOÑA,MMF2,,3.19,-6.3,3.23,3.23,3.28,3.15,3.15,3.15,3.15,3.23,2.5
01330,UVA ITALIA /AMERICANA-NACIONAL,MMF2,,3.96,-12.9,4.35,4.25,4.15,4.00,3.85,3.83,3.83,3.80,-0.8
01330,UVA PALESTINA,MMF2,,3.82,-5.4,3.90,3.90,3.88,3.75,3.75,3.78,3.83,3.85,0.5
01330,UVA RED GLOVE NACIONAL,MMF2,,4.28,-3.3,4.28,4.40,4.35,4.25,4.25,4.23,4.23,4.23,0.0
01330,UVA ROSADA SIN PEPA,MMF2,,4.63,-0.7,4.55,4.55,4.65,4.60,4.65,4.65,4.65,4.65,0.0
0134,Frutas de pepita y frutas de hueso,,,,,,,,,,,,,
01341,MANZANA CTE/PARA AGUA,GMML,,3.81,0.8,3.83,3.75,3.75,3.83,3.83,3.83,3.83,3.83,0.0
01341,MANZANA CTE/PARA AGUA,MMF2,,2.43,-5.7,2.53,2.52,2.49,2.45,2.43,2.39,2.39,2.33,-2.5
01341,MANZANA DELICIA,MMF2,,2.86,-5.0,2.96,2.94,2.92,2.88,2.83,2.82,2.82,2.82,0.0
01341,MANZANA GOLDEN,MMF2,,5.65,-10.4,5.93,5.83,5.70,5.83,5.78,5.50,5.50,5.38,-2.2
01341,MANZANA IMPORTADA (CHILENA),MMF2,,8.04,2.3,7.85,8.00,7.94,8.10,8.10,8.10,8.14,7.91,-2.8
01341,MANZANA ISRAEL,MMF2,,2.94,-11.9,3.20,3.05,3.05,2.95,2.95,2.88,2.88,2.80,-2.8
01341,MANZANA WINTER,MMF2,,3.17,-2.0,3.19,3.19,3.13,3.13,3.15,3.19,3.19,3.23,1.3
01342,MEMBRILLO CRIOLLO,MMF2,,4.35,-4.4,4.65,4.65,4.70,4.20,4.20,4.20,4.28,4.23,-1.2
01342,MEMBRILLO SERRANO,MMF2,,3.63,-1.2,3.69,3.69,3.65,3.60,3.60,3.61,3.64,3.60,-1.1
01342,PERA AGUA ITALIANA,MMF2,,5.22,1.8,5.13,5.27,5.17,5.17,5.21,5.23,5.19,5.27,1.5
01342,PERA AGUA PACKAM IMPORTADO,MMF2,,7.16,-0.4,7.19,7.30,7.28,7.10,7.13,7.10,7.14,7.08,-0.8
01343,ALBARICOQUE,MMF2,,3.29,2.0,3.33,3.33,3.15,3.35,3.33,3.23,3.28,3.33,1.5
01345,MELOCOTON BLANQUILLO,MMF2,,4.18,-2.7,4.29,4.27,4.27,4.15,4.17,4.15,4.17,4.10,-1.7
01345,MELOCOTON DURAZNO HUAYCO,MMF2,,4.54,-1.0,4.65,4.65,4.69,4.48,4.48,4.48,4.48,4.50,0.4
01349,LUCUMA DE SEDA (COSTA/SELVA),MMF2,,10.07,-0.2,10.25,9.75,10.50,9.75,10.25,10.25,10.25,9.75,-4.9
0135,Bayas y otras frutas,,,,,,,,,,,,,
01352,KIWI IMPORTADO CHILENO,MMF2,,11.12,3.5,10.97,10.97,11.03,11.17,11.22,11.18,11.15,11.13,-0.2
01354,FRESA SAN ANDREAS,MMF2,,5.05,3.8,5.03,4.93,4.93,5.00,5.10,5.13,5.13,5.15,0.4
01359,MAMEY (COSTA),MMF2,,4.85,0.8,4.83,4.85,4.95,5.00,4.85,4.73,4.73,4.85,2.5
01359,TAMARINDO (CON CASCARA) COSTA,MMF2,,6.57,-0.9,6.75,6.75,6.75,6.50,6.50,6.50,6.50,6.50,0.0
01359,TAMARINDO (SIN CASCARA) COSTA,MMF2,,7.57,-0.5,7.75,7.75,7.75,7.50,7.50,7.50,7.50,7.50,0.0
01359,TUNA AMARILLA,MMF2,,3.48,-3.2,3.63,3.48,3.53,3.53,3.45,3.45,3.45,3.45,0.0
01359,TUNA BLANCA (COSTA / SIERRA),MMF2,,4.27,-2.8,4.38,4.35,4.33,4.33,4.28,4.20,4.23,4.15,-1.9
01359,TUNA MORADA/ROSADA,MMF2,,2.92,-12.6,3.25,3.10,3.03,2.90,2.88,2.85,2.85,2.83,-0.7
014,SEMILLAS ACEITERAS Y FRUTOS OLEAGINOSOS,,,,,,,,,,,,,
01460,COCO (COSTA /SELVA),MMF2,,2.11,-0.4,2.13,2.13,2.13,2.10,2.10,2.10,2.10,2.13,1.4
015,RAÍCES Y TUBÉRCULOS COMESTIBLES,,,,,,,,,,,,,
0151,Papas,,,,,,,,,,,,,
01510,PAPA AMARILLA/TUMBAY/TORNILLO/OTROS,GMML,,3.72,16.1,3.28,3.38,3.43,3.63,3.70,3.93,3.93,4.05,3.1
01510,PAPA BLANCA/VALLE/OTROS,GMML,,1.04,1.5,1.13,1.03,1.00,1.00,0.99,1.05,1.05,1.13,7.6
01510,PAPA CANCHAN,GMML,,2.22,-14.2,2.53,2.33,2.33,2.18,2.18,2.15,2.15,2.23,3.7
01510,PAPA COLOR/VALLE/OTROS,GMML,,2.17,-11.7,2.41,2.28,2.26,2.10,2.09,2.11,2.11,2.21,4.7
01510,PAPA HUAMANTANGA,GMML,,1.92,1.0,1.93,1.78,1.73,1.88,1.93,2.00,2.00,2.13,6.5
01510,PAPA HUAYRO (ROJO-MORO-NEGRO)RUNT/MARH/U,GMML,,2.23,6.3,2.10,2.20,2.20,2.38,2.38,2.13,2.13,2.20,3.3
01510,PAPA NEGRA ANDINA,GMML,,1.53,-3.6,1.63,1.53,1.53,1.53,1.51,1.51,1.51,1.58,4.6
01510,PAPA PERUANITA,GMML,,1.81,-10.8,2.00,1.93,1.93,1.75,1.73,1.75,1.75,1.80,2.9
01510,PAPA ÚNICA,GMML,,2.12,-8.5,2.30,2.23,2.20,2.03,2.00,2.08,2.08,2.20,5.8
01510,PAPA YUNGAY,GMML,,1.04,1.5,1.13,1.03,1.00,1.00,0.99,1.05,1.05,1.13,7.6
0152,Yuca,,,,,,,,,,,,,
01520,YUCA AMARILLA/LEGITIM/INJERTA(COS/SEL),GMML,,1.86,3.4,1.75,1.83,1.83,1.88,1.85,1.85,1.85,1.93,4.3
0153,Camote,,,,,,,,,,,,,
01530,CAMOTE AMARILLO,GMML,,1.08,-0.3,1.15,1.05,1.05,1.05,1.08,1.10,1.10,1.13,2.7
01530,CAMOTE MORADO/LEG/MILA/MEJ/PEPIN/PARAMON,GMML,,2.12,25.5,1.68,1.78,1.83,2.00,2.15,2.33,2.33,2.45,5.2
0159,Otras raíces y tubérculos comestibles,,,,,,,,,,,,,
01599,OLLUCO LARGO (SIN LAVAR/LAVADO),GMML,,4.33,2.0,4.25,4.35,4.33,4.33,4.25,4.33,4.33,4.38,1.2
01599,YACON (LLACON),MMF2,,3.25,-0.8,3.38,3.38,3.20,3.20,3.20,3.33,3.23,3.20,-0.9
016,"ESTIMULANTES, ESPECIAS Y AROMÁTICOS",,,,,,,,,,,,,
01652,AJI PAPRIKA,GMML,,17.41,-0.3,17.75,17.50,17.38,17.50,17.38,17.25,17.25,17.63,2.2
01652,AJI SECO PANCA,GMML,,16.59,1.7,16.50,16.38,16.63,16.75,16.63,16.63,16.63,16.50,-0.8
01654,CULANTRO (CRIOLLO/SERRANO),GMML,,3.04,-15.6,3.75,3.59,3.00,2.92,2.83,3.00,3.00,2.92,-2.7
01657,KION (COSTA/SELVA),GMML,,3.98,20.7,3.25,3.25,3.83,3.75,4.20,4.33,4.33,4.20,-3.0
01699,ALBAHACA (CRIOLLA/SERRANA),GMML,,3.92,16.7,3.54,3.46,3.58,3.46,4.23,4.23,4.23,4.23,0.0
0193,"Plantas o partes de plantas del tipo utilizado principalmente en perfumería, en farmacia o para la preparación de insecticidas, fungicidas o propósitos similares",,,,,,,,,,,,,
01930,HIERBA BUENA (CRIOLLA/SERRANA),GMML,,1.79,-15.0,2.06,2.06,1.18,1.21,2.15,1.94,1.94,2.06,6.2
